<?xml version="1.0" encoding="UTF-8"?>
<!DOCTYPE hibernate-configuration PUBLIC
  "-//Hibernate/Hibernate Configuration DTD 3.0//EN"
   "http://www.hibernate.org/dtd/hibernate-configuration-3.0.dtd">
   
<hibernate-configuration>
<session-factory>

<!-- DB Configuration -->
<property name="connection.driver_class">com.mysql.jdbc.Driver</property>
<property name="connection.url">jdbc:mysql://localhost:3306/Student</property>
<property name="connection.username">root</property>
<property name="connection.password">LP123@mysql#</property>

<!-- Dialect Configuration -->
<property name="dialect">org.hibernate.dialect.MySQL8Dialect</property>
<property name="hbm2ddl.auto">update</property>
<property name="show_sql">true</property>
<property name="format_sql">true</property>
<!-- Mapping Configuration -->
<!--  <mapping class = "StudentManagement.Student"></mapping> -->
<mapping class = "StudentManagement.Student"></mapping>
<!--  <mapping class = "StudentManagement.Course"></mapping> -->
<mapping class = "StudentManagement.Course"></mapping>
<!--  <mapping class = "StudentManagement.Enrollment"></mapping> -->
<mapping class = "StudentManagement.Enrollment"></mapping>
</session-factory>
</hibernate-configuration>